<?xml version="1.0" encoding="UTF-8"?>
<project-private xmlns="http://www.netbeans.org/ns/project-private/1">
    <editor-bookmarks xmlns="http://www.netbeans.org/ns/editor-bookmarks/2" lastBookmarkId="0"/>
    <open-files xmlns="http://www.netbeans.org/ns/projectui-open-files/2">
        <group>
            <file>file:/D:/docencia/Fatec-RL/LPG%203%20(ELE%202)/aulas/2019/1o.%20sem/mat/Aula05_03/src/view/Formulario.java</file>
            <file>file:/D:/docencia/Fatec-RL/LPG%203%20(ELE%202)/aulas/2019/1o.%20sem/mat/Aula05_03/src/view/Principal.java</file>
        </group>
    </open-files>
</project-private>
